First,Last,Mobile,ID,Email,Age,Location
Olivia,Jones,9137085407,ID221201,olivia.jones170@ex.com,37,Chicago
John,Miller,9334236417,ID908150,john.miller594@ex.com,21,Houston
Jane,Brown,9394159440,ID930292,jane.brown165@ex.com,75,LA
John,Brown,9211088555,ID475500,john.brown719@ex.com,58,Phoenix
Olivia,Garcia,9045826778,ID994948,olivia.garcia225@ex.com,22,Phoenix
John,Garcia,9871534902,ID925536,john.garcia35@ex.com,31,LA
Emma,Smith,9936693634,ID561268,emma.smith816@ex.com,73,Chicago
John,Smith,9887436243,ID359545,john.smith634@ex.com,64,NY
Chris,Miller,9286916770,ID437769,chris.miller880@ex.com,46,NY
Chris,Garcia,9121085798,ID119811,chris.garcia148@ex.com,28,LA
Jane,Jones,9015676354,ID042676,jane.jones313@ex.com,79,Phoenix
Olivia,Davis,9302523848,ID989200,olivia.davis409@ex.com,60,LA
Jane,Smith,9046460109,ID556580,jane.smith837@ex.com,28,Phoenix
Olivia,Smith,9445281068,ID635354,olivia.smith936@ex.com,44,Philly
Mike,Miller,9546433443,ID375266,mike.miller371@ex.com,31,Chicago
Mike,Garcia,9766167226,ID364045,mike.garcia691@ex.com,79,NY
Emma,Brown,9010612761,ID301924,emma.brown848@ex.com,53,NY
John,Davis,9769964172,ID341506,john.davis613@ex.com,47,Chicago
Emma,Davis,9160120889,ID489373,emma.davis623@ex.com,43,LA
Chris,Brown,9263342305,ID710484,chris.brown754@ex.com,79,Chicago
Emma,Garcia,9862385441,ID554638,emma.garcia365@ex.com,75,Phoenix
Mike,Davis,9352361477,ID303306,mike.davis571@ex.com,43,NY
John,Jones,9344306836,ID531039,john.jones989@ex.com,50,LA
Chris,Jones,9030854479,ID566420,chris.jones518@ex.com,34,Houston
Chris,Smith,9375905927,ID751295,chris.smith486@ex.com,49,NY
Mike,Brown,9402651697,ID160274,mike.brown850@ex.com,50,Chicago
Emma,Jones,9008253948,ID828913,emma.jones940@ex.com,19,NY
Jane,Garcia,9193467080,ID990133,jane.garcia335@ex.com,23,LA
Emma,Miller,9727813160,ID456328,emma.miller878@ex.com,25,LA
Olivia,Miller,9309711601,ID501419,olivia.miller431@ex.com,71,NY
Mike,Jones,9122065873,ID160347,mike.jones273@ex.com,64,Philly
Mike,Smith,9015204769,ID556675,mike.smith53@ex.com,30,LA
Jane,Davis,9988794803,ID269347,jane.davis892@ex.com,30,LA
Jane,Miller,9678031314,ID618095,jane.miller411@ex.com,42,Chicago
Chris,Davis,9741900551,ID024523,chris.davis852@ex.com,53,NY
Olivia,Brown,9783724988,ID641580,olivia.brown562@ex.com,27,Chicago
